{"root":[{"assemblyName":"Bolt.Core.Runtime","nameSpace":"Bolt","className":"ApplicationVariables","methodName":"OnEnterPlayMode","loadTypes":1,"isUnityClass":false},{"assemblyName":"Bolt.Core.Runtime","nameSpace":"Bolt","className":"SavedVariables","methodName":"OnEnterPlayMode","loadTypes":1,"isUnityClass":false},{"assemblyName":"BehaviorDesigner.Runtime","nameSpace":"BehaviorDesigner.Runtime","className":"Behavior","methodName":"DomainReset","loadTypes":4,"isUnityClass":false},{"assemblyName":"BehaviorDesigner.Runtime","nameSpace":"BehaviorDesigner.Runtime","className":"BehaviorManager","methodName":"DomainReset","loadTypes":4,"isUnityClass":false},{"assemblyName":"BehaviorDesigner.Runtime","nameSpace":"BehaviorDesigner.Runtime","className":"GlobalVariables","methodName":"DomainReset","loadTypes":4,"isUnityClass":false},{"assemblyName":"Ludiq.Core.Runtime","nameSpace":"Ludiq","className":"Ensure","methodName":"OnRuntimeMethodLoad","loadTypes":1,"isUnityClass":false},{"assemblyName":"Ludiq.Core.Runtime","nameSpace":"Ludiq","className":"Recursion","methodName":"OnRuntimeMethodLoad","loadTypes":1,"isUnityClass":false},{"assemblyName":"Ludiq.Core.Runtime","nameSpace":"Ludiq","className":"OptimizedReflection","methodName":"OnRuntimeMethodLoad","loadTypes":1,"isUnityClass":false},{"assemblyName":"Ludiq.Core.Runtime","nameSpace":"Ludiq","className":"ReferenceCollector","methodName":"Initialize","loadTypes":1,"isUnityClass":false},{"assemblyName":"Ludiq.Core.Runtime","nameSpace":"Ludiq","className":"UnityThread","methodName":"RuntimeInitialize","loadTypes":1,"isUnityClass":false}]}
